{
    "classes": [
        "setosa",
        "versicolor",
        "virginica"
    ],
    "knn": {
        "accuracy": 0.9333333333333333,
        "presicion": [
            1.0,
            0.8571428571428571,
            1.0
        ],
        "recall": [
            1.0,
            1.0,
            0.8
        ],
        "f1": [
            1.0,
            0.923076923076923,
            0.888888888888889
        ]
    },
    "naive_bayes": {
        "accuracy": 0.9333333333333333,
        "presicion": [
            1.0,
            0.875,
            0.95
        ],
        "recall": [
            1.0,
            0.9333333333333333,
            0.9047619047619048
        ],
        "f1": [
            1.0,
            0.9032258064516129,
            0.9268292682926829
        ]
    },
    "random_forest": {
        "accuracy": 0.9555555555555556,
        "presicion": [
            1.0,
            1.0,
            0.8333333333333334
        ],
        "recall": [
            1.0,
            0.8461538461538461,
            1.0
        ],
        "f1": [
            1.0,
            0.9166666666666666,
            0.9090909090909091
        ]
    },
    "red_neuronal": {
        "accuracy": 0.9555555555555556,
        "presicion": [
            0.8666666666666667,
            1.0,
            1.0
        ],
        "recall": [
            1.0,
            0.8333333333333334,
            1.0
        ],
        "f1": [
            0.9285714285714286,
            0.9090909090909091,
            1.0
        ]
    },
    "regresion_logistica": {
        "accuracy": 0.9555555555555556,
        "presicion": [
            1.0,
            0.9166666666666666,
            0.9473684210526315
        ],
        "recall": [
            1.0,
            0.9166666666666666,
            0.9473684210526315
        ],
        "f1": [
            1.0,
            0.9166666666666666,
            0.9473684210526315
        ]
    },
    "svm": {
        "accuracy": 0.9333333333333333,
        "presicion": [
            1.0,
            0.7857142857142857,
            1.0
        ],
        "recall": [
            1.0,
            1.0,
            0.85
        ],
        "f1": [
            1.0,
            0.88,
            0.9189189189189189
        ]
    }
}