{
    "classes": [
        "class_0",
        "class_1",
        "class_2"
    ],
    "knn": {
        "accuracy": 0.7037037037037037,
        "presicion": [
            0.7272727272727273,
            0.75,
            0.5
        ],
        "recall": [
            0.8421052631578947,
            0.8181818181818182,
            0.3076923076923077
        ],
        "f1": [
            0.7804878048780488,
            0.7826086956521738,
            0.380952380952381
        ]
    },
    "naive_bayes": {
        "accuracy": 0.9444444444444444,
        "presicion": [
            1.0,
            0.9583333333333334,
            0.8666666666666667
        ],
        "recall": [
            0.9375,
            0.92,
            1.0
        ],
        "f1": [
            0.967741935483871,
            0.9387755102040817,
            0.9285714285714286
        ]
    },
    "random_forest": {
        "accuracy": 1.0,
        "presicion": [
            1.0,
            1.0,
            1.0
        ],
        "recall": [
            1.0,
            1.0,
            1.0
        ],
        "f1": [
            1.0,
            1.0,
            1.0
        ]
    },
    "red_neuronal": {
        "accuracy": 0.9814814814814815,
        "presicion": [
            1.0,
            0.9565217391304348,
            1.0
        ],
        "recall": [
            0.95,
            1.0,
            1.0
        ],
        "f1": [
            0.9743589743589743,
            0.9777777777777777,
            1.0
        ]
    },
    "regresion_logistica": {
        "accuracy": 0.9814814814814815,
        "presicion": [
            1.0,
            0.9629629629629629,
            1.0
        ],
        "recall": [
            1.0,
            1.0,
            0.9285714285714286
        ],
        "f1": [
            1.0,
            0.9811320754716981,
            0.962962962962963
        ]
    },
    "svm": {
        "accuracy": 0.6666666666666666,
        "presicion": [
            0.85,
            0.6,
            0.4444444444444444
        ],
        "recall": [
            1.0,
            0.6818181818181818,
            0.26666666666666666
        ],
        "f1": [
            0.9189189189189189,
            0.6382978723404256,
            0.33333333333333337
        ]
    }
}